{"stats":{"minecraft:used":{"minecraft:stone_axe":8,"minecraft:torch":2,"minecraft:crafting_table":1,"minecraft:stone_pickaxe":6,"minecraft:wooden_pickaxe":6},"minecraft:crafted":{"minecraft:torch":8,"minecraft:stone_axe":1,"minecraft:crafting_table":1,"minecraft:spruce_planks":16,"minecraft:stick":12,"minecraft:wooden_pickaxe":1,"minecraft:stone_pickaxe":1},"minecraft:picked_up":{"minecraft:crafting_table":1,"minecraft:leather":2,"minecraft:wheat_seeds":1,"minecraft:beef":1,"minecraft:light_gray_wool":1,"minecraft:spruce_log":4,"minecraft:coal":6,"minecraft:white_wool":3,"minecraft:mutton":6,"minecraft:cobblestone":6},"minecraft:mined":{"minecraft:coal_ore":6,"minecraft:spruce_log":4,"minecraft:stone":6,"minecraft:crafting_table":1},"minecraft:custom":{"minecraft:time_since_rest":5972,"minecraft:crouch_one_cm":367,"minecraft:play_time":5972,"minecraft:sprint_one_cm":24006,"minecraft:damage_taken":20,"minecraft:walk_one_cm":9437,"minecraft:sneak_time":354,"minecraft:mob_kills":5,"minecraft:jump":214,"minecraft:damage_dealt":430,"minecraft:time_since_death":5972,"minecraft:walk_on_water_one_cm":156,"minecraft:total_world_time":5972,"minecraft:interact_with_crafting_table":2,"minecraft:fall_one_cm":8240,"minecraft:fly_one_cm":63353},"minecraft:killed":{"minecraft:sheep":4,"minecraft:cow":1}},"DataVersion":3953}