{"stats":{"minecraft:killed":{"minecraft:sheep":4,"minecraft:zombie":1,"minecraft:pig":1,"minecraft:creeper":1},"minecraft:custom":{"minecraft:time_since_rest":3165,"minecraft:interact_with_furnace":6,"minecraft:sprint_one_cm":31462,"minecraft:damage_taken":269,"minecraft:walk_one_cm":16088,"minecraft:mob_kills":7,"minecraft:damage_dealt":792,"minecraft:interact_with_crafting_table":6,"minecraft:fly_one_cm":45302,"minecraft:crouch_one_cm":2958,"minecraft:play_time":11907,"minecraft:sneak_time":1120,"minecraft:jump":371,"minecraft:time_since_death":11907,"minecraft:sleep_in_bed":1,"minecraft:total_world_time":11907,"minecraft:fall_one_cm":10314},"minecraft:picked_up":{"minecraft:raw_iron":2,"minecraft:stick":5,"minecraft:crafting_table":3,"minecraft:porkchop":3,"minecraft:oak_log":6,"minecraft:yellow_bed":1,"minecraft:gunpowder":1,"minecraft:dirt":1,"minecraft:gray_wool":1,"minecraft:oak_sapling":1,"minecraft:mutton":6,"minecraft:coal":29,"minecraft:furnace":1,"minecraft:white_wool":3,"minecraft:cobblestone":19,"minecraft:sunflower":3},"minecraft:mined":{"minecraft:furnace":1,"minecraft:iron_ore":2,"minecraft:powder_snow":1,"minecraft:yellow_bed":1,"minecraft:crafting_table":3,"minecraft:short_grass":1,"minecraft:grass_block":1,"minecraft:oak_log":6,"minecraft:coal_ore":16,"minecraft:sunflower":3,"minecraft:tall_grass":4,"minecraft:stone":19,"minecraft:oak_leaves":1},"minecraft:crafted":{"minecraft:oak_planks":24,"minecraft:yellow_wool":3,"minecraft:yellow_dye":6,"minecraft:crafting_table":1,"minecraft:stick":12,"minecraft:wooden_pickaxe":1,"minecraft:stone_pickaxe":1,"minecraft:wooden_axe":1,"minecraft:furnace":1,"minecraft:yellow_bed":1,"minecraft:stone_axe":1,"minecraft:air":0,"minecraft:cooked_mutton":6},"minecraft:used":{"minecraft:cooked_mutton":4,"minecraft:stone_pickaxe":38,"minecraft:wooden_pickaxe":7,"minecraft:stone_axe":19,"minecraft:cobblestone":1,"minecraft:crafting_table":3,"minecraft:furnace":1,"minecraft:yellow_bed":1}},"DataVersion":3953}