{"stats":{"minecraft:killed_by":{"minecraft:creeper":1},"minecraft:custom":{"minecraft:time_since_rest":855,"minecraft:interact_with_furnace":9,"minecraft:sprint_one_cm":72396,"minecraft:damage_taken":877,"minecraft:walk_one_cm":35775,"minecraft:mob_kills":11,"minecraft:damage_dealt":1501,"minecraft:swim_one_cm":19332,"minecraft:interact_with_crafting_table":6,"minecraft:fly_one_cm":98332,"minecraft:crouch_one_cm":6893,"minecraft:play_time":23907,"minecraft:deaths":2,"minecraft:sneak_time":2565,"minecraft:walk_under_water_one_cm":2701,"minecraft:jump":731,"minecraft:walk_on_water_one_cm":2753,"minecraft:time_since_death":824,"minecraft:sleep_in_bed":2,"minecraft:total_world_time":23907,"minecraft:fall_one_cm":24435},"minecraft:killed":{"minecraft:skeleton":2,"minecraft:sheep":4,"minecraft:zombie":2,"minecraft:pig":1,"minecraft:creeper":1},"minecraft:picked_up":{"minecraft:wooden_axe":1,"minecraft:raw_iron":40,"minecraft:stick":28,"minecraft:crafting_table":4,"minecraft:yellow_dye":3,"minecraft:wooden_pickaxe":1,"minecraft:porkchop":6,"minecraft:oak_log":36,"minecraft:diorite":1,"minecraft:shield":1,"minecraft:yellow_bed":3,"minecraft:gunpowder":2,"minecraft:dirt":15,"minecraft:stone_sword":1,"minecraft:arrow":2,"minecraft:cooked_mutton":3,"minecraft:bone":3,"minecraft:rotten_flesh":3,"minecraft:stone_axe":2,"minecraft:iron_helmet":1,"minecraft:stone_pickaxe":2,"minecraft:gray_wool":1,"minecraft:iron_pickaxe":1,"minecraft:oak_sapling":5,"minecraft:iron_sword":1,"minecraft:mutton":6,"minecraft:coal":64,"minecraft:furnace":3,"minecraft:white_wool":5,"minecraft:cobblestone":36,"minecraft:sunflower":3},"minecraft:mined":{"minecraft:furnace":1,"minecraft:iron_ore":21,"minecraft:powder_snow":1,"minecraft:yellow_bed":1,"minecraft:crafting_table":3,"minecraft:short_grass":2,"minecraft:grass_block":7,"minecraft:oak_log":16,"minecraft:coal_ore":23,"minecraft:sunflower":3,"minecraft:dirt":5,"minecraft:cobblestone":2,"minecraft:tall_grass":4,"minecraft:stone":27,"minecraft:oak_leaves":4},"minecraft:crafted":{"minecraft:oak_planks":64,"minecraft:yellow_wool":3,"minecraft:yellow_dye":6,"minecraft:crafting_table":1,"minecraft:stick":12,"minecraft:iron_ingot":4,"minecraft:wooden_pickaxe":1,"minecraft:stone_pickaxe":1,"minecraft:wooden_axe":1,"minecraft:furnace":1,"minecraft:yellow_bed":1,"minecraft:stone_axe":1,"minecraft:air":0,"minecraft:cooked_mutton":6},"minecraft:used":{"minecraft:cooked_mutton":6,"minecraft:stone_pickaxe":77,"minecraft:wooden_pickaxe":7,"minecraft:stone_axe":46,"minecraft:dirt":11,"minecraft:cobblestone":3,"minecraft:crafting_table":3,"minecraft:furnace":2,"minecraft:yellow_bed":3}},"DataVersion":3953}