{"stats":{"minecraft:killed":{"minecraft:sheep":2},"minecraft:custom":{"minecraft:time_since_rest":3755,"minecraft:interact_with_furnace":1,"minecraft:sprint_one_cm":36016,"minecraft:damage_taken":305,"minecraft:walk_one_cm":10318,"minecraft:mob_kills":2,"minecraft:damage_dealt":254,"minecraft:interact_with_crafting_table":3,"minecraft:fly_one_cm":58934,"minecraft:crouch_one_cm":719,"minecraft:play_time":11585,"minecraft:deaths":1,"minecraft:sneak_time":376,"minecraft:jump":354,"minecraft:leave_game":1,"minecraft:time_since_death":3727,"minecraft:total_world_time":11585,"minecraft:fall_one_cm":14007},"minecraft:picked_up":{"minecraft:stick":1,"minecraft:crafting_table":3,"minecraft:wooden_pickaxe":1,"minecraft:gravel":2,"minecraft:oak_log":26,"minecraft:dirt":1,"minecraft:cooked_mutton":1,"minecraft:stone_sword":1,"minecraft:stone_axe":1,"minecraft:stone_pickaxe":1,"minecraft:mutton":5,"minecraft:oak_planks":13,"minecraft:coal":15,"minecraft:white_wool":4,"minecraft:cobblestone":16,"minecraft:furnace":2},"minecraft:mined":{"minecraft:furnace":1,"minecraft:crafting_table":2,"minecraft:short_grass":1,"minecraft:grass_block":1,"minecraft:oak_log":26,"minecraft:coal_ore":8,"minecraft:gravel":1,"minecraft:stone":16,"minecraft:oak_leaves":1},"minecraft:crafted":{"minecraft:oak_planks":24,"minecraft:crafting_table":1,"minecraft:stick":8,"minecraft:wooden_pickaxe":1,"minecraft:stone_pickaxe":1,"minecraft:stone_sword":1,"minecraft:furnace":1,"minecraft:stone_axe":1},"minecraft:used":{"minecraft:cooked_mutton":1,"minecraft:stone_sword":5,"minecraft:stone_pickaxe":18,"minecraft:oak_planks":1,"minecraft:wooden_pickaxe":8,"minecraft:stone_axe":23,"minecraft:dirt":1,"minecraft:crafting_table":2,"minecraft:furnace":1}},"DataVersion":3953}