{"stats":{"minecraft:killed_by":{"minecraft:skeleton":1},"minecraft:killed":{"minecraft:sheep":2,"minecraft:zombie":2},"minecraft:custom":{"minecraft:time_since_rest":2164,"minecraft:interact_with_furnace":8,"minecraft:sprint_one_cm":62846,"minecraft:damage_taken":558,"minecraft:walk_one_cm":20633,"minecraft:damage_blocked_by_shield":344,"minecraft:mob_kills":4,"minecraft:damage_dealt":815,"minecraft:swim_one_cm":13340,"minecraft:interact_with_crafting_table":5,"minecraft:fly_one_cm":113121,"minecraft:crouch_one_cm":2316,"minecraft:play_time":23585,"minecraft:deaths":2,"minecraft:walk_under_water_one_cm":2330,"minecraft:sneak_time":953,"minecraft:jump":660,"minecraft:leave_game":1,"minecraft:walk_on_water_one_cm":2114,"minecraft:time_since_death":2140,"minecraft:total_world_time":23585,"minecraft:fall_one_cm":25393},"minecraft:picked_up":{"minecraft:raw_iron":11,"minecraft:stick":1,"minecraft:crafting_table":4,"minecraft:wooden_pickaxe":1,"minecraft:gravel":2,"minecraft:oak_log":26,"minecraft:dirt":1,"minecraft:cooked_mutton":1,"minecraft:stone_sword":1,"minecraft:rotten_flesh":5,"minecraft:apple":1,"minecraft:stone_axe":1,"minecraft:stone_pickaxe":1,"minecraft:oak_sapling":1,"minecraft:mutton":5,"minecraft:oak_planks":13,"minecraft:coal":27,"minecraft:white_wool":4,"minecraft:cobblestone":28,"minecraft:furnace":4},"minecraft:mined":{"minecraft:furnace":3,"minecraft:iron_ore":10,"minecraft:powder_snow":2,"minecraft:crafting_table":3,"minecraft:short_grass":1,"minecraft:grass_block":1,"minecraft:oak_log":26,"minecraft:coal_ore":12,"minecraft:gravel":1,"minecraft:cobblestone":2,"minecraft:stone":25,"minecraft:oak_leaves":2},"minecraft:crafted":{"minecraft:oak_planks":24,"minecraft:shield":1,"minecraft:crafting_table":1,"minecraft:stick":16,"minecraft:iron_helmet":1,"minecraft:iron_pickaxe":1,"minecraft:iron_ingot":11,"minecraft:wooden_pickaxe":1,"minecraft:stone_pickaxe":1,"minecraft:iron_sword":1,"minecraft:stone_sword":1,"minecraft:furnace":1,"minecraft:stone_axe":1,"minecraft:cooked_mutton":1,"minecraft:air":0},"minecraft:used":{"minecraft:cooked_mutton":1,"minecraft:stone_sword":5,"minecraft:stone_pickaxe":42,"minecraft:iron_pickaxe":4,"minecraft:oak_planks":3,"minecraft:shield":13,"minecraft:wooden_pickaxe":8,"minecraft:iron_sword":9,"minecraft:rotten_flesh":3,"minecraft:stone_axe":24,"minecraft:dirt":1,"minecraft:mutton":1,"minecraft:cobblestone":6,"minecraft:crafting_table":3,"minecraft:oak_sapling":1,"minecraft:furnace":3}},"DataVersion":3953}