{"stats":{"minecraft:used":{"minecraft:wooden_sword":3,"minecraft:crafting_table":1},"minecraft:picked_up":{"minecraft:spruce_log":6},"minecraft:crafted":{"minecraft:wooden_sword":1,"minecraft:crafting_table":1,"minecraft:spruce_planks":24,"minecraft:stick":4},"minecraft:mined":{"minecraft:spruce_log":6},"minecraft:custom":{"minecraft:jump":155,"minecraft:time_since_rest":5812,"minecraft:damage_dealt":100,"minecraft:sprint_one_cm":12505,"minecraft:play_time":5812,"minecraft:damage_taken":10,"minecraft:time_since_death":5812,"minecraft:walk_one_cm":1991,"minecraft:sneak_time":26,"minecraft:total_world_time":5812,"minecraft:mob_kills":1,"minecraft:interact_with_crafting_table":1,"minecraft:fall_one_cm":5341,"minecraft:fly_one_cm":49327},"minecraft:killed":{"minecraft:pig":1}},"DataVersion":3953}